Customer Name,Address,Phone,Email,Company
Bernard Mcneil,"Ap #264-4696 Proin Av.,Newport News,Virginia,95285",(157) 147-2517,Fusce.aliquam.enim@estacfacilisis.com,Ornare Libero At Associates
Hasad P. Stark,"Ap #954-617 Condimentum Ave,Great Falls,Montana,97840",(425) 760-8006,ac.ipsum.Phasellus@massaIntegervitae.net,Id Sapien Company
Nora Simon,"278-3682 Sodales St.,Phoenix,Arizona,86183",(855) 726-9327,ac@sodaleseliterat.net,At Pede Cras Associates
Lucius S. Henson,"P.O. Box 365 5583 Felis Rd.,Montgomery,Alabama,35878",(522) 817-5853,Duis.a@id.co.uk,Sed Nunc Limited
Joshua U. Curtis,"Ap #193-2575 Lacus. Av.,Eugene,Oregon,76906",(868) 207-5950,ipsum.Curabitur@eratinconsectetuer.com,Lobortis Consulting
Paki Sanchez,"850 Vivamus Rd.,Cambridge,Massachusetts,69658",(650) 423-1940,aptent.taciti.sociosqu@ligula.net,Phasellus Institute
Michael E. Erickson,"290-8254 Ad Avenue,Springfield,Missouri,98527",(429) 205-1676,leo.Morbi.neque@iaculisodioNam.ca,Orci Ut Semper LLC
Deirdre Ewing,"P.O. Box 375 4754 Magnis Ave,Hattiesburg,Mississippi,59717",(218) 827-2041,Donec@aliquamenim.co.uk,Ut Ltd
Beck Harper,"Ap #399-7041 Ut Road,Metairie,Louisiana,86419",(527) 993-2474,diam.Pellentesque@ipsumdolorsit.ca,Integer Urna Vivamus Ltd
Buckminster T. Lucas,"P.O. Box 463 5347 Ullamcorper. Rd.,Hilo,Hawaii,88405",(901) 434-1661,magna.sed.dui@urnaVivamusmolestie.ca,Et Magnis Dis Institute
Aurora W. Payne,"943-1801 Lorem Av.,Tampa,Florida,17893",(119) 900-0008,auctor@rutrum.com,Ultrices LLP
Savannah T. Duffy,"925-4010 Consectetuer St.,Indianapolis,Indiana,55789",(883) 617-8608,aliquet.diam.Sed@arcu.co.uk,Lacus Vestibulum Lorem LLC
Mariko R. Valencia,"217-2135 Mi St.,Cedar Rapids,Iowa,55368",(249) 663-6597,volutpat.Nulla@Fuscedolor.com,Nulla Facilisis Suspendisse Corp.
Mechelle V. Joseph,"Ap #314-4176 Natoque Rd.,Bellevue,Washington,27802",(565) 355-3316,pellentesque.Sed@liberomauris.edu,Eros Corp.
Damian Miles,"P.O. Box 103 156 Diam St.,Lafayette,Louisiana,41925",(634) 428-3511,non@pedeNunc.net,Etiam Gravida LLP
Elizabeth Wood,"P.O. Box 264 4684 Semper. Ave,Erie,Pennsylvania,35837",(584) 436-6910,Nullam.scelerisque.neque@blanditNam.co.uk,Tempor Institute
Yeo Peters,"296-4494 Consectetuer St.,Los Angeles,California,92854",(669) 576-4632,montes.nascetur.ridiculus@atvelit.com,Sed Pharetra Felis PC
Sigourney I. Henson,"Ap #845-5964 Magna St.,Toledo,Ohio,77973",(992) 537-2925,tincidunt.tempus.risus@enimnisl.co.uk,Magnis Dis Parturient Industries
Zeph H. Bradshaw,"Ap #318-6801 Ante Rd.,Joliet,Illinois,76992",(410) 826-0900,Nam@interdumSedauctor.co.uk,Id Nunc Ltd
Yael Carney,"1222 Duis Rd.,Lakewood,Colorado,75287",(479) 105-3388,fames.ac.turpis@Duisrisusodio.net,Sagittis Lobortis Mauris PC
Leroy R. Doyle,"2816 Vehicula Rd.,Auburn,Maine,61367",(276) 300-2872,magna.a.tortor@Sedcongue.co.uk,Mi Company
Kiona Stewart,"8932 Velit Road,Evansville,Indiana,23296",(306) 807-9895,consectetuer@Aliquamvulputateullamcorper.com,Sit Incorporated
Donovan A. Moreno,"3604 Adipiscing Street,Indianapolis,Indiana,73197",(127) 197-8198,ac.tellus.Suspendisse@risus.org,Nec Leo Foundation
Adam A. Soto,"Ap #106-8805 Dui Ave,Las Vegas,Nevada,46954",(680) 413-4921,interdum.Nunc.sollicitudin@senectus.edu,Mauris Institute
Phoebe T. Travis,"P.O. Box 411 4232 Sem Street,Baton Rouge,Louisiana,24640",(539) 865-6277,molestie.arcu.Sed@arcuNunc.net,Vestibulum Ante Ipsum LLP
Quon Long,"P.O. Box 218 8628 Donec Avenue,Frederick,Maryland,20086",(951) 722-4058,aliquet.magna.a@Integereu.ca,Cras Dictum Ultricies Corporation
Ira Burns,"908-3137 Velit. Avenue,Worcester,Massachusetts,53367",(724) 844-4930,eleifend.nunc.risus@cursus.co.uk,Sagittis Felis Corporation
Cara Berger,"5550 Congue Street,Essex,Vermont,36330",(226) 940-3718,a.aliquet@Nullatincidunt.net,Erat In Ltd
Hashim C. Richard,"5199 Eu Avenue,Hilo,Hawaii,59600",(207) 768-3832,sed@purus.edu,Lacinia Orci LLC
Chava E. Walker,"Ap #187-5525 Gravida Rd.,Mobile,Alabama,36122",(788) 799-3622,Nullam.suscipit@Integerurna.edu,Et Corp.
Allegra Lawrence,"P.O. Box 380 898 Nec Avenue,Tulsa,Oklahoma,29670",(677) 280-1547,enim.consequat.purus@risusMorbimetus.org,Aliquam Gravida Institute
Chaim A. Chase,"1137 Eget Av.,Great Falls,Montana,69520",(915) 980-4515,mi.enim@Intinciduntcongue.co.uk,Id Erat Etiam Industries
Demetria W. Hays,"886 Quis Av.,Springdale,Arkansas,72422",(863) 182-3399,facilisis@leoelementumsem.net,Vel Ltd
Maia Q. Chen,"P.O. Box 265 1048 Arcu. Street,Idaho Falls,Idaho,29299",(514) 355-9695,enim@massa.ca,Semper Consulting
Vernon Morgan,"6749 Ornare Rd.,Dallas,Texas,78254",(718) 194-9723,vehicula.Pellentesque.tincidunt@dictum.org,Et Libero Institute
Shana Nixon,"3094 A Ave,Warren,Michigan,10261",(104) 862-5258,ipsum.non@orci.net,Vulputate Institute
Denise Mueller,"P.O. Box 926 8031 Dis Rd.,Columbus,Georgia,84490",(487) 770-1452,non@ante.net,Sit Amet Ltd
Emerald Battle,"Ap #452-7395 Lacus. Avenue,Springfield,Illinois,10492",(934) 140-5019,varius.ultrices@mattisCraseget.co.uk,Nunc Id Enim LLP
Winter Ware,"723-4753 Fermentum Rd.,Overland Park,Kansas,91755",(474) 306-8026,non.feugiat@acmattis.ca,Nam Consequat Dolor Limited
Veda T. Carson,"1001 Lobortis Ave,North Las Vegas,Nevada,25992",(513) 570-2965,at@vitaesodales.co.uk,Nunc LLC
Curran Castillo,"4006 Augue Rd.,Allentown,Pennsylvania,64957",(468) 110-5290,ipsum.dolor.sit@consectetuer.edu,Porttitor Vulputate Posuere Inc.
Aiko Y. Shaffer,"Ap #909-5043 Tincidunt Av.,Gary,Indiana,49292",(210) 427-3347,elit.pharetra@Inscelerisque.net,Lorem Donec Industries
Logan V. Welch,"P.O. Box 505 4557 Eu St.,Kansas City,Missouri,50930",(141) 947-9717,interdum.ligula.eu@arcuSed.co.uk,Elit Inc.
Walter Q. Gardner,"6390 Et St.,Racine,Wisconsin,83630",(883) 594-1407,nisi@Phasellusdapibus.co.uk,Proin Vel Arcu Limited
Cameran West,"P.O. Box 544 2570 Feugiat. Rd.,Sandy,Utah,20651",(247) 140-4293,enim.condimentum.eget@vel.org,Euismod Incorporated
Carla Carlson,"Ap #297-5125 Suspendisse Rd.,Springfield,Missouri,28493",(923) 835-8132,rutrum.non.hendrerit@ornare.ca,Etiam Laoreet Industries
Evangeline T. Knox,"144 Porttitor Rd.,Seattle,Washington,58056",(382) 117-6220,ipsum.leo@nec.com,Fringilla Consulting
Callum B. Blair,"P.O. Box 400 2227 Et Rd.,Fort Wayne,Indiana,98842",(977) 505-8994,ultrices@laoreetipsumCurabitur.edu,Vel Mauris Institute
Cullen T. Juarez,"916-2882 Luctus St.,Nashville,Tennessee,47520",(592) 949-1943,dictum.eu.placerat@liberodui.ca,Magna Et Foundation
Rachel H. Hurst,"P.O. Box 107 8307 Duis Avenue,San Antonio,Texas,22904",(908) 976-7583,risus.Donec.nibh@Nullam.com,Risus Donec Egestas Inc.
Quintessa U. Albert,"Ap #785-3639 Dis Avenue,Kaneohe,Hawaii,64386",(920) 653-5784,pede@sapiengravida.ca,Ipsum Dolor Sit Inc.
Gabriel Garner,"P.O. Box 856 8309 Tortor Ave,Lansing,Michigan,24770",(175) 481-8918,Integer.vitae@Mauris.ca,Ullamcorper Nisl Institute
Brittany Byrd,"340-3092 Dui Av.,Huntsville,Alabama,36808",(375) 525-4260,tellus.Aenean@dolor.com,Risus In Mi LLC
Macon Armstrong,"Ap #756-5423 Mus. Av.,Fort Smith,Arkansas,71342",(122) 718-4554,Mauris.nulla.Integer@anteNunc.co.uk,Aliquam Ultrices Iaculis Ltd
Petra G. Hobbs,"P.O. Box 422 7137 Fermentum Ave,Ketchikan,Alaska,99542",(238) 555-2079,velit.egestas.lacinia@metus.com,Etiam Bibendum Fermentum Incorporated
Blossom R. Dickson,"133-851 Fringilla Av.,Saint Louis,Missouri,85348",(369) 701-6858,tellus@velarcuCurabitur.com,Sem Consequat Nec LLP
Isadora K. Gomez,"7066 Mus. Av.,Broken Arrow,Oklahoma,55111",(554) 724-7272,metus@Vivamus.edu,Adipiscing Foundation
Echo T. Erickson,"2879 Fusce St.,Tacoma,Washington,40615",(477) 168-7621,Curae.Donec@libero.co.uk,Dis Parturient Montes Inc.
Savannah Y. Mendoza,"P.O. Box 735 9185 Tempor Avenue,Burlington,Vermont,62781",(701) 257-4659,nec.metus@musProin.ca,Ornare Egestas Ligula Associates
Lee F. Hull,"6692 Erat Road,Hillsboro,Oregon,86819",(455) 272-2002,euismod.mauris@nequeetnunc.ca,Nullam Suscipit Est Corp.
Peter R. King,"628-4957 Quam Road,Warren,Michigan,85320",(502) 349-9308,sapien.imperdiet.ornare@diam.org,Vulputate Eu Odio Company
Wang R. Sears,"7872 Ut Road,Baton Rouge,Louisiana,60043",(846) 433-2538,metus@nisl.co.uk,Arcu Ac Orci LLP
Catherine Mills,"Ap #710-7892 Euismod Rd.,Independence,Missouri,24019",(146) 727-2914,consectetuer.cursus.et@utpellentesqueeget.net,Faucibus Id Consulting
John Henry,"3195 Amet St.,Jackson,Mississippi,26918",(398) 760-9200,luctus@IncondimentumDonec.org,Tortor At Risus Limited
Forrest R. Buckley,"Ap #994-4840 Libero St.,Fort Wayne,Indiana,58480",(859) 877-9640,purus.accumsan@Donec.edu,Augue Malesuada Malesuada Inc.
Hermione Calderon,"839-560 Hendrerit. Street,Worcester,Massachusetts,38400",(482) 655-0932,mollis.lectus.pede@at.edu,Sodales LLP
Mikayla Peck,"P.O. Box 425 3869 Elit. Av.,Burlington,Vermont,23608",(496) 290-2931,semper.cursus@tempusnon.net,Rhoncus Proin Nisl Incorporated
Dean S. Shannon,"912-1456 Pulvinar St.,Broken Arrow,Oklahoma,89519",(193) 980-5416,Quisque.varius.Nam@mifelisadipiscing.ca,Mauris Erat Eget PC
Jescie K. Mcbride,"P.O. Box 408 9525 In Street,Columbia,Maryland,92712",(646) 464-8803,Quisque.tincidunt@Pellentesquehabitant.org,Nam Ligula Corp.
Chadwick Adams,"634-3447 Malesuada Avenue,Orlando,Florida,91533",(890) 565-0875,dictum.augue.malesuada@magna.co.uk,Enim Gravida Ltd
Patrick Reynolds,"3314 Lorem St.,Aurora,Colorado,38661",(872) 840-8062,tincidunt.adipiscing@Phasellus.com,Cubilia Curae; Company
Cherokee English,"Ap #306-974 Dictum Avenue,Ketchikan,Alaska,99921",(988) 638-7275,Sed.et.libero@elitelit.net,Varius Ultrices Mauris Institute
Ulysses U. Neal,"Ap #120-6543 Mauris Street,Covington,Kentucky,56692",(897) 682-2032,dapibus@cubiliaCurae.co.uk,Consequat Nec Associates
Alana I. Aguirre,"Ap #381-9721 Faucibus St.,Wichita,Kansas,67174",(646) 298-1118,semper@augueacipsum.org,Nec Tellus Nunc LLC
Gil P. Wilkins,"954-4357 Donec Road,Duluth,Minnesota,56786",(207) 856-0334,Fusce.mollis@molestieintempus.org,Diam Sed Associates
Belle Bonner,"102-2934 Primis Road,Sandy,Utah,28982",(277) 496-0534,consequat@Etiamlaoreetlibero.net,Donec Consectetuer Corp.
Felix F. Hawkins,"233-1867 Nulla Street,Columbus,Ohio,44407",(667) 930-5031,Quisque.porttitor@sagittis.edu,Molestie Associates
Stephen Booth,"605 Sem St.,Sterling Heights,Michigan,76193",(361) 602-2309,et.lacinia.vitae@leo.ca,Elit Nulla Facilisi Associates
Cade Freeman,"P.O. Box 505 1550 Tempor Avenue,Lawton,Oklahoma,89413",(867) 351-2306,aliquet@sociosqu.edu,Commodo Tincidunt Limited
Sierra Floyd,"3428 Et Rd.,Birmingham,Alabama,35079",(893) 454-3184,sed.consequat@nequeIn.co.uk,Proin Vel Arcu Corporation
Daria Mccormick,"Ap #135-7958 Eget Ave,Milwaukee,Wisconsin,26459",(822) 980-5792,eu@Class.edu,Donec Tempus LLC
Tanek Peterson,"949-2041 Semper. Avenue,Broken Arrow,Oklahoma,20765",(905) 842-8285,at@pede.net,Ac PC
Bevis Molina,"Ap #461-3375 Dapibus Street,Augusta,Maine,78226",(197) 518-7782,Sed.malesuada.augue@Morbivehicula.ca,Quis Lectus PC
Myra Guthrie,"P.O. Box 112 3709 Sem Street,Colorado Springs,Colorado,28791",(222) 731-5874,sed.pede.nec@nislQuisque.com,Placerat Orci Lacus LLC
Doris S. Lang,"P.O. Box 520 8931 Quisque Avenue,Fort Collins,Colorado,53835",(565) 186-4604,blandit.congue@viverraMaecenasiaculis.net,Nec Mauris Blandit Company
Logan Q. Wise,"537-8036 Magna. Rd.,Columbus,Georgia,50983",(453) 919-2769,aliquet.odio@rhoncusNullam.co.uk,Egestas A Corporation
Emily G. Noel,"584-6822 Proin St.,Montpelier,Vermont,72033",(960) 786-0934,venenatis.a@duiFusce.net,Quam Corp.
William Phillips,"166-6602 Tincidunt Ave,Akron,Ohio,65749",(577) 660-3170,lorem.luctus.ut@utipsumac.edu,Commodo Institute
Joy Ellis,"Ap #399-3736 Diam. Road,Shreveport,Louisiana,35181",(962) 936-1670,euismod@vulputatedui.com,Lectus Pede PC
Hilel Wiggins,"Ap #994-249 Rutrum. Av.,Saint Paul,Minnesota,99340",(899) 493-3578,faucibus@nasceturridiculusmus.co.uk,Tincidunt Adipiscing Mauris Incorporated
Reagan H. Warren,"6181 In Rd.,Columbus,Ohio,58997",(564) 997-9281,ante@tellus.org,Semper Egestas Limited
Bo Hayden,"766-3689 Tincidunt St.,Bloomington,Minnesota,42316",(576) 596-8434,bibendum.ullamcorper.Duis@Vivamusnibh.co.uk,Gravida Ltd
Ferris Wilkinson,"Ap #187-3693 Sed Av.,Bridgeport,Connecticut,95267",(181) 204-7053,Phasellus.dolor@Suspendisse.ca,Mauris Id Sapien Inc.
Aurora Whitley,"Ap #825-2267 Urna St.,South Bend,Indiana,83179",(982) 490-9519,amet@convallis.net,Nam Ac Nulla Ltd
Alexis M. Trevino,"P.O. Box 459 495 Mi Street,Fairbanks,Alaska,99881",(521) 292-7680,rutrum.lorem@volutpatornarefacilisis.co.uk,Lacinia At Iaculis Foundation
Raya M. Boone,"582-7904 Luctus Street,Cincinnati,Ohio,93504",(797) 257-3032,Nunc.ac.sem@placeratvelit.com,Luctus Aliquet Company
Sade D. Thomas,"Ap #824-7337 Justo. Street,Reno,Nevada,41798",(486) 448-8340,augue.ut@sedsapienNunc.org,Enim Commodo Hendrerit Institute
Christopher T. Ford,"374-2932 Odio Av.,Tuscaloosa,Alabama,36124",(949) 944-8545,aliquet@parturientmontesnascetur.org,Nisi Corporation
Daniel B. Lawson,"135-1251 Blandit Street,Meridian,Idaho,47880",(642) 659-3209,Phasellus.ornare@risus.ca,Pede Blandit Congue Institute
Matthew Ellis,"4349 Ac Ave,Chicago,Illinois,59404",(692) 164-1028,dolor.dolor@et.co.uk,Magna Sed Company
